"","V1","V2","osa","lv","dl","hamming","lcs","qgram","cosine","jaccard","jw","soundex"
"1","setosa","versicolor",8,8,8,Inf,12,10,0.527544408738466,0.7,0.511111111111111,1
"2","setosa","virginica",8,8,8,Inf,13,13,0.908712907082472,0.909090909090909,0.574074074074074,1
"3","versicolor","virginica",7,7,7,Inf,11,11,0.516954108460352,0.636363636363636,0.468518518518519,1
